state,year,fire_type,forest_category,forest_tenure,cell_count,latitude,longitude
ACT,2016-17,Planned fire,Commercial plantation,MUF,256,-35.3,149.1
ACT,2016-17,Planned fire,Native forest,LEASE,1,-35.3,149.1
ACT,2016-17,Planned fire,Native forest,MUF,249,-35.3,149.1
ACT,2016-17,Planned fire,Native forest,NCR,25,-35.3,149.1
ACT,2016-17,Planned fire,Native forest,OCL,5,-35.3,149.1
ACT,2016-17,Planned fire,Other forest,MUF,1,-35.3,149.1
ACT,2016-17,Planned fire,Other forest,OCL,30,-35.3,149.1
ACT,2017-18,Planned fire,Commercial plantation,MUF,219,-35.3,149.1
ACT,2017-18,Planned fire,Commercial plantation,NCR,13,-35.3,149.1
ACT,2017-18,Planned fire,Native forest,LEASE,1,-35.3,149.1
ACT,2017-18,Planned fire,Native forest,MUF,7,-35.3,149.1
ACT,2017-18,Planned fire,Native forest,NCR,1002,-35.3,149.1
ACT,2017-18,Planned fire,Native forest,OCL,2,-35.3,149.1
ACT,2017-18,Planned fire,Other forest,MUF,13,-35.3,149.1
ACT,2017-18,Planned fire,Other forest,NCR,7,-35.3,149.1
ACT,2017-18,Unplanned fire,Native forest,NCR,87,-35.3,149.1
ACT,2017-18,Unplanned fire,Native forest,PRIV,1,-35.3,149.1
ACT,2018-19,Planned fire,Native forest,LEASE,1,-35.3,149.1
ACT,2018-19,Planned fire,Native forest,NCR,2163,-35.3,149.1
ACT,2018-19,Planned fire,Native forest,OCL,1,-35.3,149.1
ACT,2018-19,Unplanned fire,Commercial plantation,MUF,67,-35.3,149.1
ACT,2018-19,Unplanned fire,Commercial plantation,NCR,46,-35.3,149.1
ACT,2018-19,Unplanned fire,Native forest,LEASE,2,-35.3,149.1
ACT,2018-19,Unplanned fire,Native forest,NCR,39,-35.3,149.1
ACT,2018-19,Unplanned fire,Other forest,LEASE,11,-35.3,149.1
ACT,2018-19,Unplanned fire,Other forest,MUF,18,-35.3,149.1
ACT,2018-19,Unplanned fire,Other forest,NCR,36,-35.3,149.1
ACT,2019-20,Planned fire,Other forest,NCR,2,-35.3,149.1
ACT,2019-20,Unplanned fire,Commercial plantation,MUF,13,-35.3,149.1
ACT,2019-20,Unplanned fire,Commercial plantation,NCR,1,-35.3,149.1
ACT,2019-20,Unplanned fire,Native forest,LEASE,1879,-35.3,149.1
ACT,2019-20,Unplanned fire,Native forest,MUF,268,-35.3,149.1
ACT,2019-20,Unplanned fire,Native forest,NCR,80027,-35.3,149.1
ACT,2019-20,Unplanned fire,Native forest,OCL,3,-35.3,149.1
ACT,2019-20,Unplanned fire,Native forest,PRIV,11,-35.3,149.1
ACT,2019-20,Unplanned fire,Other forest,LEASE,12,-35.3,149.1
ACT,2019-20,Unplanned fire,Other forest,MUF,68,-35.3,149.1
ACT,2019-20,Unplanned fire,Other forest,NCR,37,-35.3,149.1
ACT,2019-20,Unplanned fire,Other forest,OCL,5,-35.3,149.1
ACT,2020-21,Planned fire,Native forest,MUF,53,-35.3,149.1
ACT,2020-21,Planned fire,Native forest,NCR,91,-35.3,149.1
NSW,2016-17,Planned fire,Commercial plantation,MUF,1328,-32.0,147.0
NSW,2016-17,Planned fire,Commercial plantation,PRIV,6,-32.0,147.0
NSW,2016-17,Planned fire,Native forest,MUF,134,-32.0,147.0
NSW,2016-17,Planned fire,Native forest,NCR,10024,-32.0,147.0
NSW,2016-17,Planned fire,Native forest,OCL,107,-32.0,147.0
NSW,2016-17,Planned fire,Native forest,PRIV,1355,-32.0,147.0
NSW,2016-17,Planned fire,Other forest,MUF,14,-32.0,147.0
NSW,2016-17,Planned fire,Other forest,PRIV,1,-32.0,147.0
NSW,2016-17,Unplanned fire,Commercial plantation,MUF,2126,-32.0,147.0
NSW,2016-17,Unplanned fire,Commercial plantation,OCL,2,-32.0,147.0
NSW,2016-17,Unplanned fire,Commercial plantation,PRIV,273,-32.0,147.0
NSW,2016-17,Unplanned fire,Native forest,LEASE,689,-32.0,147.0
NSW,2016-17,Unplanned fire,Native forest,MUF,31111,-32.0,147.0
NSW,2016-17,Unplanned fire,Native forest,NCR,41909,-32.0,147.0
NSW,2016-17,Unplanned fire,Native forest,ND,246,-32.0,147.0
NSW,2016-17,Unplanned fire,Native forest,OCL,9169,-32.0,147.0
NSW,2016-17,Unplanned fire,Native forest,PRIV,82535,-32.0,147.0
NSW,2016-17,Unplanned fire,Other forest,MUF,8,-32.0,147.0
NSW,2016-17,Unplanned fire,Other forest,ND,3,-32.0,147.0
NSW,2016-17,Unplanned fire,Other forest,PRIV,179,-32.0,147.0
NSW,2017-18,Planned fire,Commercial plantation,MUF,971,-32.0,147.0
NSW,2017-18,Planned fire,Commercial plantation,NCR,1,-32.0,147.0
NSW,2017-18,Planned fire,Commercial plantation,OCL,15,-32.0,147.0
NSW,2017-18,Planned fire,Commercial plantation,PRIV,265,-32.0,147.0
NSW,2017-18,Planned fire,Native forest,LEASE,299,-32.0,147.0
NSW,2017-18,Planned fire,Native forest,MUF,29108,-32.0,147.0
NSW,2017-18,Planned fire,Native forest,NCR,109046,-32.0,147.0
NSW,2017-18,Planned fire,Native forest,ND,13,-32.0,147.0
NSW,2017-18,Planned fire,Native forest,OCL,6997,-32.0,147.0
NSW,2017-18,Planned fire,Native forest,PRIV,92954,-32.0,147.0
NSW,2017-18,Planned fire,Other forest,MUF,85,-32.0,147.0
NSW,2017-18,Planned fire,Other forest,NCR,188,-32.0,147.0
NSW,2017-18,Planned fire,Other forest,PRIV,92,-32.0,147.0
NSW,2017-18,Unplanned fire,Commercial plantation,MUF,1268,-32.0,147.0
NSW,2017-18,Unplanned fire,Commercial plantation,NCR,2,-32.0,147.0
NSW,2017-18,Unplanned fire,Commercial plantation,PRIV,123,-32.0,147.0
NSW,2017-18,Unplanned fire,Native forest,LEASE,2,-32.0,147.0
NSW,2017-18,Unplanned fire,Native forest,MUF,5502,-32.0,147.0
NSW,2017-18,Unplanned fire,Native forest,NCR,11761,-32.0,147.0
NSW,2017-18,Unplanned fire,Native forest,OCL,560,-32.0,147.0
NSW,2017-18,Unplanned fire,Native forest,PRIV,2773,-32.0,147.0
NSW,2017-18,Unplanned fire,Other forest,MUF,37,-32.0,147.0
NSW,2017-18,Unplanned fire,Other forest,PRIV,9,-32.0,147.0
NSW,2018-19,Planned fire,Commercial plantation,MUF,27,-32.0,147.0
NSW,2018-19,Planned fire,Native forest,LEASE,10,-32.0,147.0
NSW,2018-19,Planned fire,Native forest,MUF,115,-32.0,147.0
NSW,2018-19,Planned fire,Native forest,NCR,1315,-32.0,147.0
NSW,2018-19,Planned fire,Native forest,OCL,137,-32.0,147.0
NSW,2018-19,Planned fire,Native forest,PRIV,1328,-32.0,147.0
NSW,2018-19,Unplanned fire,Commercial plantation,MUF,726,-32.0,147.0
NSW,2018-19,Unplanned fire,Commercial plantation,NCR,101,-32.0,147.0
NSW,2018-19,Unplanned fire,Commercial plantation,OCL,56,-32.0,147.0
NSW,2018-19,Unplanned fire,Commercial plantation,PRIV,184,-32.0,147.0
NSW,2018-19,Unplanned fire,Native forest,LEASE,11616,-32.0,147.0
NSW,2018-19,Unplanned fire,Native forest,MUF,30051,-32.0,147.0
NSW,2018-19,Unplanned fire,Native forest,NCR,74454,-32.0,147.0
NSW,2018-19,Unplanned fire,Native forest,ND,212,-32.0,147.0
NSW,2018-19,Unplanned fire,Native forest,OCL,14050,-32.0,147.0
NSW,2018-19,Unplanned fire,Native forest,PRIV,98334,-32.0,147.0
NSW,2018-19,Unplanned fire,Other forest,MUF,4,-32.0,147.0
NSW,2018-19,Unplanned fire,Other forest,PRIV,142,-32.0,147.0
NSW,2019-20,Planned fire,Commercial plantation,MUF,731,-32.0,147.0
NSW,2019-20,Planned fire,Commercial plantation,PRIV,338,-32.0,147.0
NSW,2019-20,Planned fire,Native forest,LEASE,38,-32.0,147.0
NSW,2019-20,Planned fire,Native forest,MUF,20,-32.0,147.0
NSW,2019-20,Planned fire,Native forest,NCR,2651,-32.0,147.0
NSW,2019-20,Planned fire,Native forest,OCL,32,-32.0,147.0
NSW,2019-20,Planned fire,Native forest,PRIV,396,-32.0,147.0
NSW,2019-20,Planned fire,Other forest,MUF,16,-32.0,147.0
NSW,2019-20,Unplanned fire,Commercial plantation,LEASE,77,-32.0,147.0
NSW,2019-20,Unplanned fire,Commercial plantation,MUF,62248,-32.0,147.0
NSW,2019-20,Unplanned fire,Commercial plantation,NCR,63,-32.0,147.0
NSW,2019-20,Unplanned fire,Commercial plantation,OCL,301,-32.0,147.0
NSW,2019-20,Unplanned fire,Commercial plantation,PRIV,24442,-32.0,147.0
NSW,2019-20,Unplanned fire,Native forest,LEASE,12944,-32.0,147.0
NSW,2019-20,Unplanned fire,Native forest,MUF,841317,-32.0,147.0
NSW,2019-20,Unplanned fire,Native forest,NCR,2645850,-32.0,147.0
NSW,2019-20,Unplanned fire,Native forest,ND,824,-32.0,147.0
NSW,2019-20,Unplanned fire,Native forest,OCL,103588,-32.0,147.0
NSW,2019-20,Unplanned fire,Native forest,PRIV,1214393,-32.0,147.0
NSW,2019-20,Unplanned fire,Other forest,LEASE,7,-32.0,147.0
NSW,2019-20,Unplanned fire,Other forest,MUF,2319,-32.0,147.0
NSW,2019-20,Unplanned fire,Other forest,NCR,33,-32.0,147.0
NSW,2019-20,Unplanned fire,Other forest,OCL,116,-32.0,147.0
NSW,2019-20,Unplanned fire,Other forest,PRIV,3800,-32.0,147.0
NSW,2020-21,Planned fire,Commercial plantation,MUF,1304,-32.0,147.0
NSW,2020-21,Planned fire,Commercial plantation,NCR,2,-32.0,147.0
NSW,2020-21,Planned fire,Commercial plantation,PRIV,207,-32.0,147.0
NSW,2020-21,Planned fire,Native forest,LEASE,1,-32.0,147.0
NSW,2020-21,Planned fire,Native forest,MUF,553,-32.0,147.0
NSW,2020-21,Planned fire,Native forest,NCR,25221,-32.0,147.0
NSW,2020-21,Planned fire,Native forest,OCL,103,-32.0,147.0
NSW,2020-21,Planned fire,Native forest,PRIV,3609,-32.0,147.0
NSW,2020-21,Planned fire,Other forest,MUF,21,-32.0,147.0
NSW,2020-21,Unplanned fire,Commercial plantation,MUF,9,-32.0,147.0
NSW,2020-21,Unplanned fire,Commercial plantation,PRIV,198,-32.0,147.0
NSW,2020-21,Unplanned fire,Native forest,LEASE,57,-32.0,147.0
NSW,2020-21,Unplanned fire,Native forest,MUF,1300,-32.0,147.0
NSW,2020-21,Unplanned fire,Native forest,NCR,4118,-32.0,147.0
NSW,2020-21,Unplanned fire,Native forest,ND,58,-32.0,147.0
NSW,2020-21,Unplanned fire,Native forest,OCL,265,-32.0,147.0
NSW,2020-21,Unplanned fire,Native forest,PRIV,5646,-32.0,147.0
NSW,2020-21,Unplanned fire,Other forest,MUF,1,-32.0,147.0
NSW,2020-21,Unplanned fire,Other forest,PRIV,20,-32.0,147.0
NT,2016-17,Planned fire,Commercial plantation,OCL,108,-19.0,133.0
NT,2016-17,Planned fire,Commercial plantation,PRIV,930,-19.0,133.0
NT,2016-17,Planned fire,Native forest,LEASE,827556,-19.0,133.0
NT,2016-17,Planned fire,Native forest,NCR,2810,-19.0,133.0
NT,2016-17,Planned fire,Native forest,ND,1199,-19.0,133.0
NT,2016-17,Planned fire,Native forest,OCL,145134,-19.0,133.0
NT,2016-17,Planned fire,Native forest,PRIV,2180278,-19.0,133.0
NT,2016-17,Planned fire,Non-forest,PRIV,174,-19.0,133.0
NT,2016-17,Unplanned fire,Commercial plantation,OCL,116,-19.0,133.0
NT,2016-17,Unplanned fire,Commercial plantation,PRIV,672,-19.0,133.0
NT,2016-17,Unplanned fire,Native forest,LEASE,1021497,-19.0,133.0
NT,2016-17,Unplanned fire,Native forest,NCR,1685,-19.0,133.0
NT,2016-17,Unplanned fire,Native forest,ND,350,-19.0,133.0
NT,2016-17,Unplanned fire,Native forest,OCL,17386,-19.0,133.0
NT,2016-17,Unplanned fire,Native forest,PRIV,756451,-19.0,133.0
NT,2016-17,Unplanned fire,Non-forest,PRIV,11,-19.0,133.0
NT,2017-18,Planned fire,Commercial plantation,OCL,328,-19.0,133.0
NT,2017-18,Planned fire,Commercial plantation,PRIV,4138,-19.0,133.0
NT,2017-18,Planned fire,Native forest,LEASE,1460099,-19.0,133.0
NT,2017-18,Planned fire,Native forest,NCR,2648,-19.0,133.0
NT,2017-18,Planned fire,Native forest,ND,2808,-19.0,133.0
NT,2017-18,Planned fire,Native forest,OCL,155827,-19.0,133.0
NT,2017-18,Planned fire,Native forest,PRIV,3360953,-19.0,133.0
NT,2017-18,Planned fire,Non-forest,PRIV,102,-19.0,133.0
NT,2017-18,Unplanned fire,Commercial plantation,OCL,39,-19.0,133.0
NT,2017-18,Unplanned fire,Commercial plantation,PRIV,2770,-19.0,133.0
NT,2017-18,Unplanned fire,Native forest,LEASE,1367233,-19.0,133.0
NT,2017-18,Unplanned fire,Native forest,NCR,1153,-19.0,133.0
NT,2017-18,Unplanned fire,Native forest,ND,679,-19.0,133.0
NT,2017-18,Unplanned fire,Native forest,OCL,45363,-19.0,133.0
NT,2017-18,Unplanned fire,Native forest,PRIV,2227936,-19.0,133.0
NT,2017-18,Unplanned fire,Non-forest,PRIV,46,-19.0,133.0
NT,2018-19,Planned fire,Commercial plantation,OCL,10,-19.0,133.0
NT,2018-19,Planned fire,Commercial plantation,PRIV,3117,-19.0,133.0
NT,2018-19,Planned fire,Native forest,LEASE,717228,-19.0,133.0
NT,2018-19,Planned fire,Native forest,NCR,264,-19.0,133.0
NT,2018-19,Planned fire,Native forest,ND,1407,-19.0,133.0
NT,2018-19,Planned fire,Native forest,OCL,122289,-19.0,133.0
NT,2018-19,Planned fire,Native forest,PRIV,2357446,-19.0,133.0
NT,2018-19,Planned fire,Non-forest,PRIV,139,-19.0,133.0
NT,2018-19,Unplanned fire,Commercial plantation,OCL,17,-19.0,133.0
NT,2018-19,Unplanned fire,Commercial plantation,PRIV,3481,-19.0,133.0
NT,2018-19,Unplanned fire,Native forest,LEASE,1911678,-19.0,133.0
NT,2018-19,Unplanned fire,Native forest,NCR,3498,-19.0,133.0
NT,2018-19,Unplanned fire,Native forest,ND,441,-19.0,133.0
NT,2018-19,Unplanned fire,Native forest,OCL,80158,-19.0,133.0
NT,2018-19,Unplanned fire,Native forest,PRIV,2936794,-19.0,133.0
NT,2018-19,Unplanned fire,Non-forest,PRIV,20,-19.0,133.0
NT,2019-20,Planned fire,Commercial plantation,OCL,54,-19.0,133.0
NT,2019-20,Planned fire,Commercial plantation,PRIV,398,-19.0,133.0
NT,2019-20,Planned fire,Native forest,LEASE,535566,-19.0,133.0
NT,2019-20,Planned fire,Native forest,NCR,2050,-19.0,133.0
NT,2019-20,Planned fire,Native forest,ND,799,-19.0,133.0
NT,2019-20,Planned fire,Native forest,OCL,144236,-19.0,133.0
NT,2019-20,Planned fire,Native forest,PRIV,1915232,-19.0,133.0
NT,2019-20,Planned fire,Non-forest,PRIV,148,-19.0,133.0
NT,2019-20,Unplanned fire,Commercial plantation,OCL,163,-19.0,133.0
NT,2019-20,Unplanned fire,Commercial plantation,PRIV,5221,-19.0,133.0
NT,2019-20,Unplanned fire,Native forest,LEASE,1114404,-19.0,133.0
NT,2019-20,Unplanned fire,Native forest,NCR,3257,-19.0,133.0
NT,2019-20,Unplanned fire,Native forest,ND,1986,-19.0,133.0
NT,2019-20,Unplanned fire,Native forest,OCL,74330,-19.0,133.0
NT,2019-20,Unplanned fire,Native forest,PRIV,3367398,-19.0,133.0
NT,2019-20,Unplanned fire,Non-forest,PRIV,1,-19.0,133.0
NT,2020-21,Planned fire,Commercial plantation,OCL,125,-19.0,133.0
NT,2020-21,Planned fire,Commercial plantation,PRIV,1435,-19.0,133.0
NT,2020-21,Planned fire,Native forest,LEASE,1074428,-19.0,133.0
NT,2020-21,Planned fire,Native forest,NCR,2752,-19.0,133.0
NT,2020-21,Planned fire,Native forest,ND,2159,-19.0,133.0
NT,2020-21,Planned fire,Native forest,OCL,156198,-19.0,133.0
NT,2020-21,Planned fire,Native forest,PRIV,1921202,-19.0,133.0
NT,2020-21,Planned fire,Non-forest,PRIV,19,-19.0,133.0
NT,2020-21,Unplanned fire,Commercial plantation,OCL,22,-19.0,133.0
NT,2020-21,Unplanned fire,Commercial plantation,PRIV,3945,-19.0,133.0
NT,2020-21,Unplanned fire,Native forest,LEASE,566884,-19.0,133.0
NT,2020-21,Unplanned fire,Native forest,NCR,1178,-19.0,133.0
NT,2020-21,Unplanned fire,Native forest,ND,696,-19.0,133.0
NT,2020-21,Unplanned fire,Native forest,OCL,20863,-19.0,133.0
NT,2020-21,Unplanned fire,Native forest,PRIV,2074425,-19.0,133.0
NT,2020-21,Unplanned fire,Non-forest,PRIV,410,-19.0,133.0
Qld,2016-17,Planned fire,Commercial plantation,MUF,1723,-20.0,145.0
Qld,2016-17,Planned fire,Commercial plantation,PRIV,44,-20.0,145.0
Qld,2016-17,Planned fire,Native forest,LEASE,672618,-20.0,145.0
Qld,2016-17,Planned fire,Native forest,MUF,11319,-20.0,145.0
Qld,2016-17,Planned fire,Native forest,NCR,57995,-20.0,145.0
Qld,2016-17,Planned fire,Native forest,ND,17,-20.0,145.0
Qld,2016-17,Planned fire,Native forest,OCL,7397,-20.0,145.0
Qld,2016-17,Planned fire,Native forest,PRIV,502257,-20.0,145.0
Qld,2016-17,Planned fire,Other forest,MUF,14,-20.0,145.0
Qld,2016-17,Planned fire,Other forest,PRIV,3,-20.0,145.0
Qld,2016-17,Unplanned fire,Commercial plantation,MUF,556,-20.0,145.0
Qld,2016-17,Unplanned fire,Commercial plantation,PRIV,895,-20.0,145.0
Qld,2016-17,Unplanned fire,Native forest,LEASE,3442989,-20.0,145.0
Qld,2016-17,Unplanned fire,Native forest,MUF,125167,-20.0,145.0
Qld,2016-17,Unplanned fire,Native forest,NCR,393688,-20.0,145.0
Qld,2016-17,Unplanned fire,Native forest,ND,2568,-20.0,145.0
Qld,2016-17,Unplanned fire,Native forest,OCL,55379,-20.0,145.0
Qld,2016-17,Unplanned fire,Native forest,PRIV,2250352,-20.0,145.0
Qld,2016-17,Unplanned fire,Other forest,MUF,17,-20.0,145.0
Qld,2016-17,Unplanned fire,Other forest,PRIV,261,-20.0,145.0
Qld,2017-18,Planned fire,Commercial plantation,LEASE,1,-20.0,145.0
Qld,2017-18,Planned fire,Commercial plantation,MUF,1241,-20.0,145.0
Qld,2017-18,Planned fire,Commercial plantation,NCR,2,-20.0,145.0
Qld,2017-18,Planned fire,Commercial plantation,PRIV,119,-20.0,145.0
Qld,2017-18,Planned fire,Native forest,LEASE,751607,-20.0,145.0
Qld,2017-18,Planned fire,Native forest,MUF,16118,-20.0,145.0
Qld,2017-18,Planned fire,Native forest,NCR,145066,-20.0,145.0
Qld,2017-18,Planned fire,Native forest,ND,149,-20.0,145.0
Qld,2017-18,Planned fire,Native forest,OCL,14192,-20.0,145.0
Qld,2017-18,Planned fire,Native forest,PRIV,585956,-20.0,145.0
Qld,2017-18,Planned fire,Other forest,MUF,37,-20.0,145.0
Qld,2017-18,Planned fire,Other forest,PRIV,8,-20.0,145.0
Qld,2017-18,Unplanned fire,Commercial plantation,MUF,157,-20.0,145.0
Qld,2017-18,Unplanned fire,Commercial plantation,PRIV,96,-20.0,145.0
Qld,2017-18,Unplanned fire,Native forest,LEASE,3104148,-20.0,145.0
Qld,2017-18,Unplanned fire,Native forest,MUF,38385,-20.0,145.0
Qld,2017-18,Unplanned fire,Native forest,NCR,193871,-20.0,145.0
Qld,2017-18,Unplanned fire,Native forest,ND,111,-20.0,145.0
Qld,2017-18,Unplanned fire,Native forest,OCL,28028,-20.0,145.0
Qld,2017-18,Unplanned fire,Native forest,PRIV,1055906,-20.0,145.0
Qld,2017-18,Unplanned fire,Other forest,MUF,17,-20.0,145.0
Qld,2017-18,Unplanned fire,Other forest,PRIV,175,-20.0,145.0
Qld,2018-19,Planned fire,Commercial plantation,MUF,2027,-20.0,145.0
Qld,2018-19,Planned fire,Commercial plantation,NCR,1,-20.0,145.0
Qld,2018-19,Planned fire,Commercial plantation,PRIV,175,-20.0,145.0
Qld,2018-19,Planned fire,Native forest,LEASE,972729,-20.0,145.0
Qld,2018-19,Planned fire,Native forest,MUF,74773,-20.0,145.0
Qld,2018-19,Planned fire,Native forest,NCR,149902,-20.0,145.0
Qld,2018-19,Planned fire,Native forest,ND,20,-20.0,145.0
Qld,2018-19,Planned fire,Native forest,OCL,26778,-20.0,145.0
Qld,2018-19,Planned fire,Native forest,PRIV,658353,-20.0,145.0
Qld,2018-19,Planned fire,Other forest,MUF,22,-20.0,145.0
Qld,2018-19,Planned fire,Other forest,PRIV,43,-20.0,145.0
Qld,2018-19,Unplanned fire,Commercial plantation,MUF,133,-20.0,145.0
Qld,2018-19,Unplanned fire,Commercial plantation,NCR,2,-20.0,145.0
Qld,2018-19,Unplanned fire,Commercial plantation,PRIV,394,-20.0,145.0
Qld,2018-19,Unplanned fire,Native forest,LEASE,2524183,-20.0,145.0
Qld,2018-19,Unplanned fire,Native forest,MUF,181257,-20.0,145.0
Qld,2018-19,Unplanned fire,Native forest,NCR,441836,-20.0,145.0
Qld,2018-19,Unplanned fire,Native forest,ND,264,-20.0,145.0
Qld,2018-19,Unplanned fire,Native forest,OCL,68187,-20.0,145.0
Qld,2018-19,Unplanned fire,Native forest,PRIV,1643677,-20.0,145.0
Qld,2018-19,Unplanned fire,Other forest,MUF,10,-20.0,145.0
Qld,2018-19,Unplanned fire,Other forest,OCL,4,-20.0,145.0
Qld,2018-19,Unplanned fire,Other forest,PRIV,415,-20.0,145.0
Qld,2019-20,Planned fire,Commercial plantation,MUF,223,-20.0,145.0
Qld,2019-20,Planned fire,Commercial plantation,NCR,1,-20.0,145.0
Qld,2019-20,Planned fire,Native forest,LEASE,727685,-20.0,145.0
Qld,2019-20,Planned fire,Native forest,MUF,26853,-20.0,145.0
Qld,2019-20,Planned fire,Native forest,NCR,98998,-20.0,145.0
Qld,2019-20,Planned fire,Native forest,ND,44,-20.0,145.0
Qld,2019-20,Planned fire,Native forest,OCL,16755,-20.0,145.0
Qld,2019-20,Planned fire,Native forest,PRIV,654711,-20.0,145.0
Qld,2019-20,Planned fire,Other forest,MUF,4,-20.0,145.0
Qld,2019-20,Planned fire,Other forest,PRIV,5,-20.0,145.0
Qld,2019-20,Unplanned fire,Commercial plantation,MUF,3970,-20.0,145.0
Qld,2019-20,Unplanned fire,Commercial plantation,NCR,10,-20.0,145.0
Qld,2019-20,Unplanned fire,Commercial plantation,PRIV,140,-20.0,145.0
Qld,2019-20,Unplanned fire,Native forest,LEASE,2506128,-20.0,145.0
Qld,2019-20,Unplanned fire,Native forest,MUF,99085,-20.0,145.0
Qld,2019-20,Unplanned fire,Native forest,NCR,283240,-20.0,145.0
Qld,2019-20,Unplanned fire,Native forest,ND,204,-20.0,145.0
Qld,2019-20,Unplanned fire,Native forest,OCL,40251,-20.0,145.0
Qld,2019-20,Unplanned fire,Native forest,PRIV,1450776,-20.0,145.0
Qld,2019-20,Unplanned fire,Other forest,MUF,51,-20.0,145.0
Qld,2019-20,Unplanned fire,Other forest,NCR,1,-20.0,145.0
Qld,2019-20,Unplanned fire,Other forest,OCL,3,-20.0,145.0
Qld,2019-20,Unplanned fire,Other forest,PRIV,6,-20.0,145.0
Qld,2020-21,Planned fire,Commercial plantation,MUF,2009,-20.0,145.0
Qld,2020-21,Planned fire,Commercial plantation,PRIV,177,-20.0,145.0
Qld,2020-21,Planned fire,Native forest,LEASE,474738,-20.0,145.0
Qld,2020-21,Planned fire,Native forest,MUF,10800,-20.0,145.0
Qld,2020-21,Planned fire,Native forest,NCR,105124,-20.0,145.0
Qld,2020-21,Planned fire,Native forest,ND,6,-20.0,145.0
Qld,2020-21,Planned fire,Native forest,OCL,7284,-20.0,145.0
Qld,2020-21,Planned fire,Native forest,PRIV,510904,-20.0,145.0
Qld,2020-21,Planned fire,Other forest,MUF,15,-20.0,145.0
Qld,2020-21,Planned fire,Other forest,PRIV,9,-20.0,145.0
Qld,2020-21,Unplanned fire,Commercial plantation,MUF,239,-20.0,145.0
Qld,2020-21,Unplanned fire,Commercial plantation,PRIV,202,-20.0,145.0
Qld,2020-21,Unplanned fire,Native forest,LEASE,1711314,-20.0,145.0
Qld,2020-21,Unplanned fire,Native forest,MUF,106004,-20.0,145.0
Qld,2020-21,Unplanned fire,Native forest,NCR,265058,-20.0,145.0
Qld,2020-21,Unplanned fire,Native forest,ND,209,-20.0,145.0
Qld,2020-21,Unplanned fire,Native forest,OCL,11959,-20.0,145.0
Qld,2020-21,Unplanned fire,Native forest,PRIV,1001843,-20.0,145.0
Qld,2020-21,Unplanned fire,Other forest,MUF,15,-20.0,145.0
Qld,2020-21,Unplanned fire,Other forest,PRIV,260,-20.0,145.0
SA,2016-17,Planned fire,Commercial plantation,MUF,4,-30.0,135.0
SA,2016-17,Planned fire,Native forest,MUF,234,-30.0,135.0
SA,2016-17,Planned fire,Native forest,NCR,7600,-30.0,135.0
SA,2016-17,Planned fire,Native forest,OCL,51,-30.0,135.0
SA,2016-17,Planned fire,Native forest,PRIV,93,-30.0,135.0
SA,2016-17,Planned fire,Other forest,MUF,1,-30.0,135.0
SA,2016-17,Planned fire,Other forest,NCR,6,-30.0,135.0
SA,2016-17,Planned fire,Other forest,PRIV,4,-30.0,135.0
SA,2016-17,Unplanned fire,Native forest,LEASE,38,-30.0,135.0
SA,2016-17,Unplanned fire,Native forest,NCR,13283,-30.0,135.0
SA,2016-17,Unplanned fire,Native forest,PRIV,384,-30.0,135.0
SA,2016-17,Unplanned fire,Other forest,PRIV,12,-30.0,135.0
SA,2017-18,Planned fire,Native forest,MUF,20,-30.0,135.0
SA,2017-18,Planned fire,Native forest,NCR,1400,-30.0,135.0
SA,2017-18,Planned fire,Native forest,OCL,1,-30.0,135.0
SA,2017-18,Planned fire,Native forest,PRIV,264,-30.0,135.0
SA,2017-18,Planned fire,Other forest,NCR,6,-30.0,135.0
SA,2017-18,Planned fire,Other forest,PRIV,1,-30.0,135.0
SA,2017-18,Unplanned fire,Commercial plantation,MUF,7,-30.0,135.0
SA,2017-18,Unplanned fire,Native forest,LEASE,14,-30.0,135.0
SA,2017-18,Unplanned fire,Native forest,MUF,6,-30.0,135.0
SA,2017-18,Unplanned fire,Native forest,NCR,2023,-30.0,135.0
SA,2017-18,Unplanned fire,Native forest,OCL,121,-30.0,135.0
SA,2017-18,Unplanned fire,Native forest,PRIV,3560,-30.0,135.0
SA,2017-18,Unplanned fire,Other forest,PRIV,57,-30.0,135.0
SA,2018-19,Planned fire,Commercial plantation,MUF,2,-30.0,135.0
SA,2018-19,Planned fire,Commercial plantation,NCR,1,-30.0,135.0
SA,2018-19,Planned fire,Native forest,MUF,5,-30.0,135.0
SA,2018-19,Planned fire,Native forest,NCR,2249,-30.0,135.0
SA,2018-19,Planned fire,Native forest,OCL,19,-30.0,135.0
SA,2018-19,Planned fire,Native forest,PRIV,149,-30.0,135.0
SA,2018-19,Planned fire,Other forest,NCR,12,-30.0,135.0
SA,2018-19,Planned fire,Other forest,PRIV,1,-30.0,135.0
SA,2018-19,Unplanned fire,Commercial plantation,LEASE,3,-30.0,135.0
SA,2018-19,Unplanned fire,Commercial plantation,PRIV,440,-30.0,135.0
SA,2018-19,Unplanned fire,Native forest,LEASE,391,-30.0,135.0
SA,2018-19,Unplanned fire,Native forest,NCR,1315,-30.0,135.0
SA,2018-19,Unplanned fire,Native forest,PRIV,315,-30.0,135.0
SA,2018-19,Unplanned fire,Other forest,PRIV,73,-30.0,135.0
SA,2019-20,Planned fire,Native forest,NCR,709,-30.0,135.0
SA,2019-20,Planned fire,Native forest,OCL,71,-30.0,135.0
SA,2019-20,Planned fire,Native forest,PRIV,296,-30.0,135.0
SA,2019-20,Unplanned fire,Commercial plantation,LEASE,10521,-30.0,135.0
SA,2019-20,Unplanned fire,Commercial plantation,MUF,124,-30.0,135.0
SA,2019-20,Unplanned fire,Commercial plantation,NCR,14,-30.0,135.0
SA,2019-20,Unplanned fire,Commercial plantation,OCL,3,-30.0,135.0
SA,2019-20,Unplanned fire,Commercial plantation,PRIV,7669,-30.0,135.0
SA,2019-20,Unplanned fire,Native forest,LEASE,31620,-30.0,135.0
SA,2019-20,Unplanned fire,Native forest,MUF,381,-30.0,135.0
SA,2019-20,Unplanned fire,Native forest,NCR,83120,-30.0,135.0
SA,2019-20,Unplanned fire,Native forest,OCL,980,-30.0,135.0
SA,2019-20,Unplanned fire,Native forest,PRIV,31390,-30.0,135.0
SA,2019-20,Unplanned fire,Other forest,LEASE,1523,-30.0,135.0
SA,2019-20,Unplanned fire,Other forest,MUF,612,-30.0,135.0
SA,2019-20,Unplanned fire,Other forest,NCR,59,-30.0,135.0
SA,2019-20,Unplanned fire,Other forest,OCL,5,-30.0,135.0
SA,2019-20,Unplanned fire,Other forest,PRIV,2568,-30.0,135.0
SA,2020-21,Planned fire,Native forest,LEASE,1,-30.0,135.0
SA,2020-21,Planned fire,Native forest,MUF,82,-30.0,135.0
SA,2020-21,Planned fire,Native forest,NCR,3001,-30.0,135.0
SA,2020-21,Planned fire,Native forest,OCL,162,-30.0,135.0
SA,2020-21,Planned fire,Native forest,PRIV,318,-30.0,135.0
SA,2020-21,Planned fire,Other forest,NCR,12,-30.0,135.0
SA,2020-21,Planned fire,Other forest,OCL,3,-30.0,135.0
SA,2020-21,Unplanned fire,Commercial plantation,OCL,3,-30.0,135.0
SA,2020-21,Unplanned fire,Commercial plantation,PRIV,37,-30.0,135.0
SA,2020-21,Unplanned fire,Native forest,LEASE,3114,-30.0,135.0
SA,2020-21,Unplanned fire,Native forest,NCR,1700,-30.0,135.0
SA,2020-21,Unplanned fire,Native forest,OCL,1029,-30.0,135.0
SA,2020-21,Unplanned fire,Native forest,PRIV,1890,-30.0,135.0
SA,2020-21,Unplanned fire,Other forest,LEASE,1,-30.0,135.0
SA,2020-21,Unplanned fire,Other forest,NCR,5,-30.0,135.0
SA,2020-21,Unplanned fire,Other forest,OCL,6,-30.0,135.0
SA,2020-21,Unplanned fire,Other forest,PRIV,73,-30.0,135.0
Tas,2016-17,Planned fire,Commercial plantation,MUF,361,-42.0,147.0
Tas,2016-17,Planned fire,Commercial plantation,NCR,11,-42.0,147.0
Tas,2016-17,Planned fire,Commercial plantation,OCL,1,-42.0,147.0
Tas,2016-17,Planned fire,Commercial plantation,PRIV,2719,-42.0,147.0
Tas,2016-17,Planned fire,Native forest,LEASE,7,-42.0,147.0
Tas,2016-17,Planned fire,Native forest,MUF,7300,-42.0,147.0
Tas,2016-17,Planned fire,Native forest,NCR,2773,-42.0,147.0
Tas,2016-17,Planned fire,Native forest,OCL,746,-42.0,147.0
Tas,2016-17,Planned fire,Native forest,PRIV,2791,-42.0,147.0
Tas,2016-17,Planned fire,Other forest,MUF,4,-42.0,147.0
Tas,2016-17,Planned fire,Other forest,NCR,1,-42.0,147.0
Tas,2016-17,Planned fire,Other forest,PRIV,102,-42.0,147.0
Tas,2016-17,Unplanned fire,Commercial plantation,MUF,11,-42.0,147.0
Tas,2016-17,Unplanned fire,Commercial plantation,OCL,2,-42.0,147.0
Tas,2016-17,Unplanned fire,Commercial plantation,PRIV,104,-42.0,147.0
Tas,2016-17,Unplanned fire,Native forest,MUF,1639,-42.0,147.0
Tas,2016-17,Unplanned fire,Native forest,NCR,658,-42.0,147.0
Tas,2016-17,Unplanned fire,Native forest,OCL,65,-42.0,147.0
Tas,2016-17,Unplanned fire,Native forest,PRIV,2867,-42.0,147.0
Tas,2016-17,Unplanned fire,Other forest,PRIV,3,-42.0,147.0
Tas,2017-18,Planned fire,Commercial plantation,MUF,668,-42.0,147.0
Tas,2017-18,Planned fire,Commercial plantation,OCL,1,-42.0,147.0
Tas,2017-18,Planned fire,Commercial plantation,PRIV,3553,-42.0,147.0
Tas,2017-18,Planned fire,Native forest,LEASE,26,-42.0,147.0
Tas,2017-18,Planned fire,Native forest,MUF,6693,-42.0,147.0
Tas,2017-18,Planned fire,Native forest,NCR,1024,-42.0,147.0
Tas,2017-18,Planned fire,Native forest,OCL,1160,-42.0,147.0
Tas,2017-18,Planned fire,Native forest,PRIV,3794,-42.0,147.0
Tas,2017-18,Planned fire,Other forest,MUF,7,-42.0,147.0
Tas,2017-18,Planned fire,Other forest,OCL,1,-42.0,147.0
Tas,2017-18,Planned fire,Other forest,PRIV,102,-42.0,147.0
Tas,2017-18,Unplanned fire,Commercial plantation,MUF,16,-42.0,147.0
Tas,2017-18,Unplanned fire,Commercial plantation,PRIV,27,-42.0,147.0
Tas,2017-18,Unplanned fire,Native forest,MUF,1699,-42.0,147.0
Tas,2017-18,Unplanned fire,Native forest,NCR,64,-42.0,147.0
Tas,2017-18,Unplanned fire,Native forest,OCL,5633,-42.0,147.0
Tas,2017-18,Unplanned fire,Native forest,PRIV,1508,-42.0,147.0
Tas,2017-18,Unplanned fire,Other forest,MUF,2,-42.0,147.0
Tas,2017-18,Unplanned fire,Other forest,PRIV,9,-42.0,147.0
Tas,2018-19,Planned fire,Commercial plantation,MUF,1628,-42.0,147.0
Tas,2018-19,Planned fire,Commercial plantation,NCR,2,-42.0,147.0
Tas,2018-19,Planned fire,Commercial plantation,OCL,3,-42.0,147.0
Tas,2018-19,Planned fire,Commercial plantation,PRIV,1606,-42.0,147.0
Tas,2018-19,Planned fire,Native forest,MUF,5692,-42.0,147.0
Tas,2018-19,Planned fire,Native forest,NCR,1182,-42.0,147.0
Tas,2018-19,Planned fire,Native forest,OCL,1106,-42.0,147.0
Tas,2018-19,Planned fire,Native forest,PRIV,2657,-42.0,147.0
Tas,2018-19,Planned fire,Other forest,MUF,30,-42.0,147.0
Tas,2018-19,Planned fire,Other forest,NCR,1,-42.0,147.0
Tas,2018-19,Planned fire,Other forest,PRIV,129,-42.0,147.0
Tas,2018-19,Unplanned fire,Commercial plantation,MUF,3490,-42.0,147.0
Tas,2018-19,Unplanned fire,Commercial plantation,OCL,2,-42.0,147.0
Tas,2018-19,Unplanned fire,Commercial plantation,PRIV,1527,-42.0,147.0
Tas,2018-19,Unplanned fire,Native forest,MUF,32972,-42.0,147.0
Tas,2018-19,Unplanned fire,Native forest,NCR,45493,-42.0,147.0
Tas,2018-19,Unplanned fire,Native forest,OCL,4482,-42.0,147.0
Tas,2018-19,Unplanned fire,Native forest,PRIV,22615,-42.0,147.0
Tas,2018-19,Unplanned fire,Other forest,MUF,231,-42.0,147.0
Tas,2018-19,Unplanned fire,Other forest,OCL,1,-42.0,147.0
Tas,2018-19,Unplanned fire,Other forest,PRIV,111,-42.0,147.0
Tas,2019-20,Planned fire,Commercial plantation,MUF,784,-42.0,147.0
Tas,2019-20,Planned fire,Commercial plantation,NCR,3,-42.0,147.0
Tas,2019-20,Planned fire,Commercial plantation,OCL,7,-42.0,147.0
Tas,2019-20,Planned fire,Commercial plantation,PRIV,3644,-42.0,147.0
Tas,2019-20,Planned fire,Native forest,MUF,3121,-42.0,147.0
Tas,2019-20,Planned fire,Native forest,NCR,1262,-42.0,147.0
Tas,2019-20,Planned fire,Native forest,OCL,502,-42.0,147.0
Tas,2019-20,Planned fire,Native forest,PRIV,2116,-42.0,147.0
Tas,2019-20,Planned fire,Other forest,MUF,122,-42.0,147.0
Tas,2019-20,Planned fire,Other forest,OCL,2,-42.0,147.0
Tas,2019-20,Planned fire,Other forest,PRIV,145,-42.0,147.0
Tas,2019-20,Unplanned fire,Commercial plantation,MUF,2371,-42.0,147.0
Tas,2019-20,Unplanned fire,Commercial plantation,OCL,5,-42.0,147.0
Tas,2019-20,Unplanned fire,Commercial plantation,PRIV,331,-42.0,147.0
Tas,2019-20,Unplanned fire,Native forest,MUF,11800,-42.0,147.0
Tas,2019-20,Unplanned fire,Native forest,NCR,2736,-42.0,147.0
Tas,2019-20,Unplanned fire,Native forest,OCL,6728,-42.0,147.0
Tas,2019-20,Unplanned fire,Native forest,PRIV,8736,-42.0,147.0
Tas,2019-20,Unplanned fire,Other forest,MUF,55,-42.0,147.0
Tas,2019-20,Unplanned fire,Other forest,OCL,1,-42.0,147.0
Tas,2019-20,Unplanned fire,Other forest,PRIV,128,-42.0,147.0
Tas,2020-21,Planned fire,Commercial plantation,MUF,753,-42.0,147.0
Tas,2020-21,Planned fire,Commercial plantation,PRIV,2341,-42.0,147.0
Tas,2020-21,Planned fire,Native forest,MUF,5929,-42.0,147.0
Tas,2020-21,Planned fire,Native forest,NCR,1963,-42.0,147.0
Tas,2020-21,Planned fire,Native forest,OCL,1447,-42.0,147.0
Tas,2020-21,Planned fire,Native forest,PRIV,1330,-42.0,147.0
Tas,2020-21,Planned fire,Other forest,MUF,65,-42.0,147.0
Tas,2020-21,Planned fire,Other forest,NCR,4,-42.0,147.0
Tas,2020-21,Planned fire,Other forest,PRIV,119,-42.0,147.0
Tas,2020-21,Unplanned fire,Commercial plantation,PRIV,1,-42.0,147.0
Tas,2020-21,Unplanned fire,Native forest,MUF,795,-42.0,147.0
Tas,2020-21,Unplanned fire,Native forest,NCR,187,-42.0,147.0
Tas,2020-21,Unplanned fire,Native forest,OCL,568,-42.0,147.0
Tas,2020-21,Unplanned fire,Native forest,PRIV,309,-42.0,147.0
Tas,2020-21,Unplanned fire,Other forest,PRIV,92,-42.0,147.0
Vic,2016-17,Planned fire,Commercial plantation,MUF,1,-37.0,144.0
Vic,2016-17,Planned fire,Native forest,MUF,26078,-37.0,144.0
Vic,2016-17,Planned fire,Native forest,NCR,16034,-37.0,144.0
Vic,2016-17,Planned fire,Native forest,OCL,450,-37.0,144.0
Vic,2016-17,Planned fire,Native forest,PRIV,634,-37.0,144.0
Vic,2016-17,Planned fire,Other forest,MUF,11,-37.0,144.0
Vic,2016-17,Planned fire,Other forest,NCR,1,-37.0,144.0
Vic,2016-17,Planned fire,Other forest,PRIV,1,-37.0,144.0
Vic,2016-17,Unplanned fire,Commercial plantation,PRIV,5,-37.0,144.0
Vic,2016-17,Unplanned fire,Native forest,MUF,853,-37.0,144.0
Vic,2016-17,Unplanned fire,Native forest,NCR,5490,-37.0,144.0
Vic,2016-17,Unplanned fire,Native forest,OCL,6,-37.0,144.0
Vic,2016-17,Unplanned fire,Native forest,PRIV,178,-37.0,144.0
Vic,2016-17,Unplanned fire,Other forest,PRIV,1,-37.0,144.0
Vic,2017-18,Planned fire,Commercial plantation,MUF,2,-37.0,144.0
Vic,2017-18,Planned fire,Native forest,MUF,21479,-37.0,144.0
Vic,2017-18,Planned fire,Native forest,NCR,13151,-37.0,144.0
Vic,2017-18,Planned fire,Native forest,OCL,256,-37.0,144.0
Vic,2017-18,Planned fire,Native forest,PRIV,949,-37.0,144.0
Vic,2017-18,Planned fire,Other forest,MUF,5,-37.0,144.0
Vic,2017-18,Planned fire,Other forest,NCR,2,-37.0,144.0
Vic,2017-18,Planned fire,Other forest,PRIV,2,-37.0,144.0
Vic,2017-18,Unplanned fire,Commercial plantation,MUF,8,-37.0,144.0
Vic,2017-18,Unplanned fire,Commercial plantation,OCL,1,-37.0,144.0
Vic,2017-18,Unplanned fire,Commercial plantation,PRIV,1486,-37.0,144.0
Vic,2017-18,Unplanned fire,Native forest,MUF,14731,-37.0,144.0
Vic,2017-18,Unplanned fire,Native forest,NCR,20203,-37.0,144.0
Vic,2017-18,Unplanned fire,Native forest,OCL,45,-37.0,144.0
Vic,2017-18,Unplanned fire,Native forest,PRIV,1499,-37.0,144.0
Vic,2017-18,Unplanned fire,Other forest,PRIV,14,-37.0,144.0
Vic,2018-19,Planned fire,Commercial plantation,MUF,1,-37.0,144.0
Vic,2018-19,Planned fire,Native forest,MUF,30294,-37.0,144.0
Vic,2018-19,Planned fire,Native forest,NCR,24489,-37.0,144.0
Vic,2018-19,Planned fire,Native forest,OCL,190,-37.0,144.0
Vic,2018-19,Planned fire,Native forest,PRIV,1239,-37.0,144.0
Vic,2018-19,Planned fire,Other forest,MUF,9,-37.0,144.0
Vic,2018-19,Unplanned fire,Commercial plantation,MUF,858,-37.0,144.0
Vic,2018-19,Unplanned fire,Commercial plantation,NCR,35,-37.0,144.0
Vic,2018-19,Unplanned fire,Commercial plantation,OCL,9,-37.0,144.0
Vic,2018-19,Unplanned fire,Commercial plantation,PRIV,2487,-37.0,144.0
Vic,2018-19,Unplanned fire,Native forest,MUF,81795,-37.0,144.0
Vic,2018-19,Unplanned fire,Native forest,NCR,102042,-37.0,144.0
Vic,2018-19,Unplanned fire,Native forest,OCL,970,-37.0,144.0
Vic,2018-19,Unplanned fire,Native forest,PRIV,5575,-37.0,144.0
Vic,2018-19,Unplanned fire,Other forest,MUF,67,-37.0,144.0
Vic,2018-19,Unplanned fire,Other forest,NCR,7,-37.0,144.0
Vic,2018-19,Unplanned fire,Other forest,OCL,17,-37.0,144.0
Vic,2018-19,Unplanned fire,Other forest,PRIV,65,-37.0,144.0
Vic,2019-20,Planned fire,Commercial plantation,MUF,5,-37.0,144.0
Vic,2019-20,Planned fire,Native forest,MUF,9534,-37.0,144.0
Vic,2019-20,Planned fire,Native forest,NCR,13415,-37.0,144.0
Vic,2019-20,Planned fire,Native forest,OCL,55,-37.0,144.0
Vic,2019-20,Planned fire,Native forest,PRIV,246,-37.0,144.0
Vic,2019-20,Planned fire,Other forest,MUF,1,-37.0,144.0
Vic,2019-20,Planned fire,Other forest,NCR,3,-37.0,144.0
Vic,2019-20,Planned fire,Other forest,PRIV,2,-37.0,144.0
Vic,2019-20,Unplanned fire,Commercial plantation,MUF,5820,-37.0,144.0
Vic,2019-20,Unplanned fire,Commercial plantation,NCR,2,-37.0,144.0
Vic,2019-20,Unplanned fire,Commercial plantation,OCL,67,-37.0,144.0
Vic,2019-20,Unplanned fire,Commercial plantation,PRIV,3657,-37.0,144.0
Vic,2019-20,Unplanned fire,Native forest,LEASE,1,-37.0,144.0
Vic,2019-20,Unplanned fire,Native forest,MUF,876507,-37.0,144.0
Vic,2019-20,Unplanned fire,Native forest,NCR,464590,-37.0,144.0
Vic,2019-20,Unplanned fire,Native forest,OCL,3445,-37.0,144.0
Vic,2019-20,Unplanned fire,Native forest,PRIV,55864,-37.0,144.0
Vic,2019-20,Unplanned fire,Other forest,MUF,276,-37.0,144.0
Vic,2019-20,Unplanned fire,Other forest,NCR,3,-37.0,144.0
Vic,2019-20,Unplanned fire,Other forest,OCL,28,-37.0,144.0
Vic,2019-20,Unplanned fire,Other forest,PRIV,278,-37.0,144.0
Vic,2020-21,Planned fire,Commercial plantation,MUF,4,-37.0,144.0
Vic,2020-21,Planned fire,Commercial plantation,NCR,2,-37.0,144.0
Vic,2020-21,Planned fire,Commercial plantation,PRIV,1,-37.0,144.0
Vic,2020-21,Planned fire,Native forest,MUF,38408,-37.0,144.0
Vic,2020-21,Planned fire,Native forest,NCR,26515,-37.0,144.0
Vic,2020-21,Planned fire,Native forest,OCL,374,-37.0,144.0
Vic,2020-21,Planned fire,Native forest,PRIV,1361,-37.0,144.0
Vic,2020-21,Planned fire,Other forest,MUF,20,-37.0,144.0
Vic,2020-21,Planned fire,Other forest,NCR,1,-37.0,144.0
Vic,2020-21,Planned fire,Other forest,OCL,1,-37.0,144.0
Vic,2020-21,Planned fire,Other forest,PRIV,2,-37.0,144.0
Vic,2020-21,Unplanned fire,Commercial plantation,PRIV,7,-37.0,144.0
Vic,2020-21,Unplanned fire,Native forest,MUF,28,-37.0,144.0
Vic,2020-21,Unplanned fire,Native forest,NCR,3732,-37.0,144.0
Vic,2020-21,Unplanned fire,Native forest,OCL,1,-37.0,144.0
Vic,2020-21,Unplanned fire,Native forest,PRIV,81,-37.0,144.0
WA,2016-17,Planned fire,Commercial plantation,MUF,4336,-25.0,122.0
WA,2016-17,Planned fire,Commercial plantation,NCR,8,-25.0,122.0
WA,2016-17,Planned fire,Commercial plantation,OCL,325,-25.0,122.0
WA,2016-17,Planned fire,Native forest,LEASE,88700,-25.0,122.0
WA,2016-17,Planned fire,Native forest,MUF,145802,-25.0,122.0
WA,2016-17,Planned fire,Native forest,NCR,538067,-25.0,122.0
WA,2016-17,Planned fire,Native forest,OCL,76131,-25.0,122.0
WA,2016-17,Planned fire,Native forest,PRIV,4947,-25.0,122.0
WA,2016-17,Planned fire,Other forest,NCR,381,-25.0,122.0
WA,2016-17,Planned fire,Other forest,OCL,287,-25.0,122.0
WA,2016-17,Unplanned fire,Commercial plantation,MUF,89,-25.0,122.0
WA,2016-17,Unplanned fire,Commercial plantation,OCL,2,-25.0,122.0
WA,2016-17,Unplanned fire,Commercial plantation,PRIV,10,-25.0,122.0
WA,2016-17,Unplanned fire,Native forest,LEASE,41201,-25.0,122.0
WA,2016-17,Unplanned fire,Native forest,MUF,6049,-25.0,122.0
WA,2016-17,Unplanned fire,Native forest,NCR,78890,-25.0,122.0
WA,2016-17,Unplanned fire,Native forest,OCL,70235,-25.0,122.0
WA,2016-17,Unplanned fire,Native forest,PRIV,5497,-25.0,122.0
WA,2016-17,Unplanned fire,Other forest,NCR,5,-25.0,122.0
WA,2016-17,Unplanned fire,Other forest,OCL,25,-25.0,122.0
WA,2017-18,Planned fire,Commercial plantation,MUF,5330,-25.0,122.0
WA,2017-18,Planned fire,Commercial plantation,NCR,11,-25.0,122.0
WA,2017-18,Planned fire,Commercial plantation,OCL,370,-25.0,122.0
WA,2017-18,Planned fire,Commercial plantation,PRIV,47,-25.0,122.0
WA,2017-18,Planned fire,Native forest,LEASE,23204,-25.0,122.0
WA,2017-18,Planned fire,Native forest,MUF,136475,-25.0,122.0
WA,2017-18,Planned fire,Native forest,NCR,157202,-25.0,122.0
WA,2017-18,Planned fire,Native forest,OCL,14477,-25.0,122.0
WA,2017-18,Planned fire,Native forest,PRIV,5786,-25.0,122.0
WA,2017-18,Planned fire,Other forest,NCR,9,-25.0,122.0
WA,2017-18,Unplanned fire,Commercial plantation,MUF,342,-25.0,122.0
WA,2017-18,Unplanned fire,Commercial plantation,NCR,7,-25.0,122.0
WA,2017-18,Unplanned fire,Commercial plantation,OCL,7,-25.0,122.0
WA,2017-18,Unplanned fire,Commercial plantation,PRIV,628,-25.0,122.0
WA,2017-18,Unplanned fire,Native forest,LEASE,18808,-25.0,122.0
WA,2017-18,Unplanned fire,Native forest,MUF,1971,-25.0,122.0
WA,2017-18,Unplanned fire,Native forest,NCR,149119,-25.0,122.0
WA,2017-18,Unplanned fire,Native forest,OCL,227661,-25.0,122.0
WA,2017-18,Unplanned fire,Native forest,PRIV,3475,-25.0,122.0
WA,2017-18,Unplanned fire,Other forest,NCR,7,-25.0,122.0
WA,2017-18,Unplanned fire,Other forest,OCL,110,-25.0,122.0
WA,2017-18,Unplanned fire,Other forest,PRIV,154,-25.0,122.0
WA,2018-19,Planned fire,Commercial plantation,MUF,3236,-25.0,122.0
WA,2018-19,Planned fire,Commercial plantation,NCR,12,-25.0,122.0
WA,2018-19,Planned fire,Commercial plantation,OCL,161,-25.0,122.0
WA,2018-19,Planned fire,Commercial plantation,PRIV,25,-25.0,122.0
WA,2018-19,Planned fire,Native forest,LEASE,2608,-25.0,122.0
WA,2018-19,Planned fire,Native forest,MUF,91369,-25.0,122.0
WA,2018-19,Planned fire,Native forest,NCR,118728,-25.0,122.0
WA,2018-19,Planned fire,Native forest,OCL,3994,-25.0,122.0
WA,2018-19,Planned fire,Native forest,PRIV,3415,-25.0,122.0
WA,2018-19,Planned fire,Other forest,LEASE,5,-25.0,122.0
WA,2018-19,Planned fire,Other forest,NCR,5,-25.0,122.0
WA,2018-19,Planned fire,Other forest,OCL,5,-25.0,122.0
WA,2018-19,Unplanned fire,Commercial plantation,MUF,478,-25.0,122.0
WA,2018-19,Unplanned fire,Commercial plantation,NCR,1,-25.0,122.0
WA,2018-19,Unplanned fire,Commercial plantation,OCL,1806,-25.0,122.0
WA,2018-19,Unplanned fire,Commercial plantation,PRIV,74,-25.0,122.0
WA,2018-19,Unplanned fire,Native forest,LEASE,63007,-25.0,122.0
WA,2018-19,Unplanned fire,Native forest,MUF,2380,-25.0,122.0
WA,2018-19,Unplanned fire,Native forest,NCR,248349,-25.0,122.0
WA,2018-19,Unplanned fire,Native forest,OCL,273410,-25.0,122.0
WA,2018-19,Unplanned fire,Native forest,PRIV,6906,-25.0,122.0
WA,2018-19,Unplanned fire,Other forest,NCR,848,-25.0,122.0
WA,2018-19,Unplanned fire,Other forest,OCL,51,-25.0,122.0
WA,2018-19,Unplanned fire,Other forest,PRIV,18,-25.0,122.0
WA,2019-20,Planned fire,Commercial plantation,MUF,4314,-25.0,122.0
WA,2019-20,Planned fire,Commercial plantation,NCR,2,-25.0,122.0
WA,2019-20,Planned fire,Commercial plantation,OCL,339,-25.0,122.0
WA,2019-20,Planned fire,Commercial plantation,PRIV,24,-25.0,122.0
WA,2019-20,Planned fire,Native forest,LEASE,9068,-25.0,122.0
WA,2019-20,Planned fire,Native forest,MUF,57439,-25.0,122.0
WA,2019-20,Planned fire,Native forest,NCR,109178,-25.0,122.0
WA,2019-20,Planned fire,Native forest,OCL,8150,-25.0,122.0
WA,2019-20,Planned fire,Native forest,PRIV,2007,-25.0,122.0
WA,2019-20,Planned fire,Other forest,LEASE,24,-25.0,122.0
WA,2019-20,Planned fire,Other forest,NCR,30,-25.0,122.0
WA,2019-20,Planned fire,Other forest,OCL,259,-25.0,122.0
WA,2019-20,Unplanned fire,Commercial plantation,MUF,753,-25.0,122.0
WA,2019-20,Unplanned fire,Commercial plantation,OCL,6,-25.0,122.0
WA,2019-20,Unplanned fire,Commercial plantation,PRIV,68,-25.0,122.0
WA,2019-20,Unplanned fire,Native forest,LEASE,46654,-25.0,122.0
WA,2019-20,Unplanned fire,Native forest,MUF,4436,-25.0,122.0
WA,2019-20,Unplanned fire,Native forest,NCR,463125,-25.0,122.0
WA,2019-20,Unplanned fire,Native forest,OCL,651245,-25.0,122.0
WA,2019-20,Unplanned fire,Native forest,PRIV,17098,-25.0,122.0
WA,2019-20,Unplanned fire,Other forest,NCR,131,-25.0,122.0
WA,2019-20,Unplanned fire,Other forest,OCL,13,-25.0,122.0
WA,2020-21,Planned fire,Commercial plantation,MUF,4360,-25.0,122.0
WA,2020-21,Planned fire,Commercial plantation,NCR,7,-25.0,122.0
WA,2020-21,Planned fire,Commercial plantation,OCL,218,-25.0,122.0
WA,2020-21,Planned fire,Commercial plantation,PRIV,2,-25.0,122.0
WA,2020-21,Planned fire,Native forest,LEASE,3586,-25.0,122.0
WA,2020-21,Planned fire,Native forest,MUF,77883,-25.0,122.0
WA,2020-21,Planned fire,Native forest,NCR,157454,-25.0,122.0
WA,2020-21,Planned fire,Native forest,OCL,7275,-25.0,122.0
WA,2020-21,Planned fire,Native forest,PRIV,3838,-25.0,122.0
WA,2020-21,Planned fire,Other forest,NCR,14,-25.0,122.0
WA,2020-21,Planned fire,Other forest,OCL,67,-25.0,122.0
WA,2020-21,Unplanned fire,Commercial plantation,MUF,183,-25.0,122.0
WA,2020-21,Unplanned fire,Commercial plantation,OCL,8,-25.0,122.0
WA,2020-21,Unplanned fire,Commercial plantation,PRIV,1513,-25.0,122.0
WA,2020-21,Unplanned fire,Native forest,LEASE,1841,-25.0,122.0
WA,2020-21,Unplanned fire,Native forest,MUF,1437,-25.0,122.0
WA,2020-21,Unplanned fire,Native forest,NCR,32763,-25.0,122.0
WA,2020-21,Unplanned fire,Native forest,OCL,33771,-25.0,122.0
WA,2020-21,Unplanned fire,Native forest,PRIV,5873,-25.0,122.0
WA,2020-21,Unplanned fire,Other forest,NCR,1,-25.0,122.0
WA,2020-21,Unplanned fire,Other forest,PRIV,15,-25.0,122.0
